{
  "params": {
    "units": 64,
    "lr": 0.001,
    "batch_size": 32
  },
  "metrics": {
    "mae": 0.028860636486377513,
    "rmse": 0.03745909868557839,
    "mape": 2.4059630702467425,
    "directional_acc": 0.5080521472392638
  }
}