{
  "params": {
    "units": 32,
    "lr": 0.0001,
    "batch_size": 32
  },
  "metrics": {
    "mae": 0.07609597484779536,
    "rmse": 0.08842527824243053,
    "mape": 6.320145368539006,
    "directional_acc": 0.4915908610112122
  }
}