{
  "params": {
    "units": 32,
    "lr": 0.0001,
    "batch_size": 32
  },
  "metrics": {
    "mae": 0.04628222620463382,
    "rmse": 0.05705730623962192,
    "mape": 3.8448065084814402,
    "directional_acc": 0.5038872434948171
  }
}