{
  "params": {
    "units": 64,
    "lr": 0.0001,
    "batch_size": 32
  },
  "metrics": {
    "mae": 0.034082978260397835,
    "rmse": 0.04359005404321536,
    "mape": 2.8694976388143743,
    "directional_acc": 0.5092553416543262
  }
}