{
  "params": {
    "units": 32,
    "lr": 0.001,
    "batch_size": 32
  },
  "metrics": {
    "mae": 0.027307364656214358,
    "rmse": 0.03652899561557226,
    "mape": 2.2723423696172853,
    "directional_acc": 0.5073249418235668
  }
}