{
  "params": {
    "units": 32,
    "lr": 0.001,
    "batch_size": 32
  },
  "metrics": {
    "mae": 0.0783992833713521,
    "rmse": 0.08715018522667466,
    "mape": 6.52265645910667,
    "directional_acc": 0.509189232071081
  }
}