{
  "params": {
    "units": 64,
    "lr": 0.001,
    "batch_size": 32
  },
  "metrics": {
    "mae": 0.031501851320351444,
    "rmse": 0.040026302369787645,
    "mape": 2.6354606386978485,
    "directional_acc": 0.5090702348212397
  }
}