{
  "params": {
    "units": 32,
    "lr": 0.0001,
    "batch_size": 32
  },
  "metrics": {
    "mae": 0.056666825241688076,
    "rmse": 0.06565294473067361,
    "mape": 4.708869396223431,
    "directional_acc": 0.4988364713348847
  }
}