{
  "params": {
    "units": 32,
    "lr": 0.001,
    "batch_size": 32
  },
  "metrics": {
    "mae": 0.03225564386632553,
    "rmse": 0.03941938300534201,
    "mape": 2.694055152534326,
    "directional_acc": 0.5092685635709753
  }
}