{
  "params": {
    "units": 64,
    "lr": 0.0001,
    "batch_size": 32
  },
  "metrics": {
    "mae": 0.05011645279193106,
    "rmse": 0.05894270263529601,
    "mape": 4.176076621609711,
    "directional_acc": 0.49140575417812565
  }
}