{
  "params": {
    "units": 32,
    "lr": 0.0001,
    "batch_size": 32
  },
  "metrics": {
    "mae": 0.034009227917300704,
    "rmse": 0.042528261641905284,
    "mape": 2.8604502949277877,
    "directional_acc": 0.5112254072350327
  }
}