{
  "params": {
    "units": 64,
    "lr": 0.0001,
    "batch_size": 32
  },
  "metrics": {
    "mae": 0.03936663438485245,
    "rmse": 0.04880221168716327,
    "mape": 3.2819838620458404,
    "directional_acc": 0.5150994288132008
  }
}