{
  "params": {
    "units": 32,
    "lr": 0.001,
    "batch_size": 32
  },
  "metrics": {
    "mae": 0.028226222543908094,
    "rmse": 0.0336670155450848,
    "mape": 2.365032682682492,
    "directional_acc": 0.5195552147239264
  }
}