{
  "params": {
    "units": 64,
    "lr": 0.001,
    "batch_size": 32
  },
  "metrics": {
    "mae": 0.027396178256275,
    "rmse": 0.035052371118538525,
    "mape": 2.276499269839105,
    "directional_acc": 0.5146895493970806
  }
}