{
  "params": {
    "units": 64,
    "lr": 0.0001,
    "batch_size": 32
  },
  "metrics": {
    "mae": 0.030506257939321425,
    "rmse": 0.0392922432780477,
    "mape": 2.557156023310843,
    "directional_acc": 0.49941823566744237
  }
}