{
  "params": {
    "units": 64,
    "lr": 0.0001,
    "batch_size": 32
  },
  "metrics": {
    "mae": 0.0322611530035006,
    "rmse": 0.041060472497079746,
    "mape": 2.704657297682509,
    "directional_acc": 0.5075893801565475
  }
}