{
  "params": {
    "units": 64,
    "lr": 0.001,
    "batch_size": 32
  },
  "metrics": {
    "mae": 0.03275102493160964,
    "rmse": 0.03714950471206035,
    "mape": 2.735924285134643,
    "directional_acc": 0.4908768775121642
  }
}