{
  "params": {
    "units": 64,
    "lr": 0.001,
    "batch_size": 32
  },
  "metrics": {
    "mae": 0.029593168904191475,
    "rmse": 0.03659792845441211,
    "mape": 2.475069091022176,
    "directional_acc": 0.515178760313095
  }
}