{
  "params": {
    "units": 32,
    "lr": 0.0001,
    "batch_size": 32
  },
  "metrics": {
    "mae": 0.032020987173503546,
    "rmse": 0.040945378153752064,
    "mape": 2.6765955887185435,
    "directional_acc": 0.49543843875608207
  }
}