{
  "params": {
    "units": 32,
    "lr": 0.001,
    "batch_size": 32
  },
  "metrics": {
    "mae": 0.027540741539333956,
    "rmse": 0.03757827722819681,
    "mape": 2.282806651539986,
    "directional_acc": 0.49069177067907765
  }
}